Escenario,Equipamiento 1 ($),Equipamiento 2 ($)
Optimista (Precios Bajos),23731.37511619513,29418.67268193955
Base (Pronóstico),28150.753954538737,36035.45345631048
Pesimista (Precios Altos),32570.132792882338,42652.23423068141
